﻿<?xml version="1.0" encoding="utf-8"?><meta xmlns:xsi="http://www.w3.org/2001/XMLSchema-instance" xmlns:xsd="http://www.w3.org/2001/XMLSchema"><project id="6PRD3J6xg7i" courseid="6fHZzHrx57g_course_id" thumburl="story_content/thumbnail.jpg" title="metacog_articulate" datepublished="2017-06-18T20:05:27" version="1.0.0.0" flashdata="story_content/data.swf" html5data="mobile/data.json" mobiledata="mobile/data.gz" enabledownload="false" duration="About 10 seconds" totalaudio="0" totalvideo="0"><description>metacog/storyline integration example</description><keywords /><slidemeta moniker="slide" monikerplural="slides" viewslides="2" slidecountdescription="2 slides" /><author name="cesar" email="" website="" /><application name="Articulate Storyline" version="3.6.11979.0" xmlversion="4.0" /></project></meta>